<?xml version="1.0" encoding="UTF-8"?>
<project-private xmlns="http://www.netbeans.org/ns/project-private/1">
    <editor-bookmarks xmlns="http://www.netbeans.org/ns/editor-bookmarks/2" lastBookmarkId="0"/>
    <open-files xmlns="http://www.netbeans.org/ns/projectui-open-files/2">
        <group>
            <file>file:/C:/Users/Luca/Documents/MPLABX/00119_18F46K80.X/mcc_generated_files/spi.c</file>
            <file>file:/C:/Users/Luca/Documents/MPLABX/00119_18F46K80.X/adxl34x.h</file>
            <file>file:/C:/Users/Luca/Documents/MPLABX/00119_18F46K80.X/adxl34x.c</file>
            <file>file:/C:/Users/Luca/Documents/MPLABX/00119_18F46K80.X/main.c</file>
            <file>file:/C:/Users/Luca/Documents/MPLABX/00119_18F46K80.X/nbproject/Makefile-default.mk</file>
        </group>
    </open-files>
</project-private>
